City_ID,City,Lat,Lng,Max Temp,Humidity,Cloudiness,Wind Speed,Country,Date,Current description
0,Ancud,-41.8697,-73.8203,50.23,79,100,6.89,CL,2022-09-11 18:00:19,overcast clouds
1,Jumla,29.2747,82.1838,61.02,94,97,0.58,NP,2022-09-11 18:00:19,overcast clouds
2,Kurtamysh,54.9103,64.4319,44.71,81,80,6.96,RU,2022-09-11 18:00:20,broken clouds
3,Ushuaia,-54.8,-68.3,42.46,75,40,23.02,AR,2022-09-11 17:58:03,scattered clouds
4,Bluff,-46.6,168.3333,45.93,74,100,12.26,NZ,2022-09-11 18:00:21,overcast clouds
5,Lompoc,34.6391,-120.4579,83.7,67,94,4.0,US,2022-09-11 18:00:21,overcast clouds
6,Punta Arenas,-53.15,-70.9167,48.31,43,40,42.57,CL,2022-09-11 17:57:16,scattered clouds
7,Busselton,-33.65,115.3333,55.6,82,31,4.36,AU,2022-09-11 18:00:22,scattered clouds
8,Mataura,-46.1927,168.8643,41.27,79,100,2.53,NZ,2022-09-11 18:00:23,overcast clouds
9,Abu Dhabi,24.4667,54.3667,91.42,72,0,4.61,AE,2022-09-11 17:57:46,clear sky
10,Waingapu,-9.6567,120.2641,74.89,83,27,6.35,ID,2022-09-11 18:00:23,scattered clouds
11,Atuona,-9.8,-139.0333,76.82,69,8,18.48,PF,2022-09-11 18:00:24,clear sky
12,Port Macquarie,-31.4333,152.9167,48.88,78,97,4.7,AU,2022-09-11 18:00:24,overcast clouds
13,Berlevag,70.8578,29.0864,42.8,93,100,1.14,NO,2022-09-11 18:00:24,overcast clouds
14,Cidreira,-30.1811,-50.2056,57.51,58,6,7.58,BR,2022-09-11 18:00:25,clear sky
15,Ponta Do Sol,32.6667,-17.1,79.72,84,100,9.8,PT,2022-09-11 18:00:25,overcast clouds
16,Boulder,40.0833,-105.3505,69.3,50,0,3.44,US,2022-09-11 18:00:26,clear sky
17,Jamestown,42.097,-79.2353,68.18,59,100,1.99,US,2022-09-11 18:00:26,overcast clouds
18,Los Llanos De Aridane,28.6585,-17.9182,74.95,90,20,5.01,ES,2022-09-11 18:00:27,few clouds
19,Ribeira Grande,38.5167,-28.7,73.8,73,75,21.85,PT,2022-09-11 18:00:27,broken clouds
20,Yerbogachen,61.2767,108.0108,42.67,86,80,5.37,RU,2022-09-11 18:00:27,broken clouds
21,East London,-33.0153,27.9116,61.74,77,75,17.27,ZA,2022-09-11 17:56:17,broken clouds
22,Bac Lieu,9.285,105.7244,76.68,91,99,5.19,VN,2022-09-11 18:00:07,light rain
23,Guarapari,-20.6667,-40.4975,72.5,77,91,13.44,BR,2022-09-11 18:00:28,overcast clouds
24,Sur,22.5667,59.5289,87.8,59,98,12.46,OM,2022-09-11 18:00:29,overcast clouds
25,Makinsk,52.6292,70.4169,46.31,74,100,14.34,KZ,2022-09-11 18:00:29,overcast clouds
26,Srednekolymsk,67.45,153.6833,42.62,90,100,7.27,RU,2022-09-11 18:00:30,light rain
27,Chokurdakh,70.6333,147.9167,38.57,86,100,5.5,RU,2022-09-11 18:00:30,overcast clouds
28,Albany,42.6001,-73.9662,72.25,76,100,2.21,US,2022-09-11 18:00:06,overcast clouds
29,Neya,58.2972,43.8681,49.73,57,100,0.13,RU,2022-09-11 18:00:31,overcast clouds
30,Dikson,73.5069,80.5464,36.36,97,100,27.45,RU,2022-09-11 18:00:31,light rain
31,Castro,-24.7911,-50.0119,60.08,89,100,7.29,BR,2022-09-11 18:00:32,overcast clouds
32,Cherskiy,68.75,161.3,39.22,90,100,6.2,RU,2022-09-11 18:00:32,overcast clouds
33,Margate,51.3813,1.3862,67.87,80,46,1.99,GB,2022-09-11 18:00:33,scattered clouds
34,Bredasdorp,-34.5322,20.0403,52.83,65,96,7.47,ZA,2022-09-11 18:00:34,overcast clouds
35,New Norfolk,-42.7826,147.0587,40.5,83,70,1.99,AU,2022-09-11 18:00:34,light rain
36,Rikitea,-23.1203,-134.9692,72.05,75,5,8.48,PF,2022-09-11 18:00:35,clear sky
37,Clyde River,70.4692,-68.5914,43.21,78,100,3.94,CA,2022-09-11 18:00:35,overcast clouds
38,Lebu,-37.6167,-73.65,53.67,70,9,7.72,CL,2022-09-11 18:00:36,clear sky
39,Pahrump,36.2083,-115.9839,87.26,45,7,1.99,US,2022-09-11 18:00:26,clear sky
40,Hilo,19.7297,-155.09,81.63,77,51,3.94,US,2022-09-11 18:00:36,broken clouds
41,Constantine,36.365,6.6147,89.01,29,40,10.36,DZ,2022-09-11 18:00:37,scattered clouds
42,Sao Filipe,14.8961,-24.4956,79.38,83,60,12.73,CV,2022-09-11 18:00:37,broken clouds
43,Iqaluit,63.7506,-68.5145,46.13,76,100,10.36,CA,2022-09-11 18:00:38,overcast clouds
44,Georgetown,5.4112,100.3354,80.89,86,20,3.44,MY,2022-09-11 17:59:52,few clouds
45,Pochutla,15.7432,-96.4661,77.79,80,100,4.16,MX,2022-09-11 18:01:38,overcast clouds
46,Vaini,-21.2,-175.2,74.73,77,28,11.61,TO,2022-09-11 18:01:39,scattered clouds
47,Ca Mau,9.1769,105.15,75.09,97,100,3.31,VN,2022-09-11 18:01:39,overcast clouds
48,Cape Town,-33.9258,18.4232,57.61,60,75,12.66,ZA,2022-09-11 17:57:26,broken clouds
49,Batagay-Alyta,67.8006,130.4114,35.11,54,100,5.59,RU,2022-09-11 18:01:40,overcast clouds
50,Bethel,41.3712,-73.414,74.93,73,100,2.75,US,2022-09-11 18:01:40,moderate rain
51,Bathsheba,13.2167,-59.5167,84.83,69,34,13.15,BB,2022-09-11 18:01:41,scattered clouds
52,Sungaipenuh,-2.0833,101.3833,64.38,94,95,1.81,ID,2022-09-11 18:01:41,moderate rain
53,Avarua,-21.2078,-159.775,75.25,78,40,8.05,CK,2022-09-11 18:01:41,scattered clouds
54,Kapaa,22.0752,-159.319,75.47,91,4,5.93,US,2022-09-11 17:59:35,light rain
55,Port Hardy,50.6996,-127.4199,62.55,68,98,2.71,CA,2022-09-11 18:01:42,overcast clouds
56,Port Alfred,-33.5906,26.891,59.18,92,100,5.01,ZA,2022-09-11 18:01:42,overcast clouds
57,Japura,-0.3167,102.35,73.08,91,95,2.55,ID,2022-09-11 18:01:43,overcast clouds
58,Sola,-13.8833,167.55,80.02,74,18,19.13,VU,2022-09-11 18:01:43,few clouds
59,Tarragona,41.129,1.249,83.34,71,20,4.61,ES,2022-09-11 18:00:12,few clouds
60,Marrakesh,31.6315,-8.0083,91.47,43,75,17.27,MA,2022-09-11 17:57:02,thunderstorm with light rain
61,Albury,-36.0833,146.9167,46.33,100,98,5.99,AU,2022-09-11 18:00:11,light rain
62,La Ronge,55.1001,-105.2842,67.33,30,3,2.35,CA,2022-09-11 18:01:44,clear sky
63,Quelimane,-17.8786,36.8883,73.78,77,1,9.26,MZ,2022-09-11 18:01:44,clear sky
64,Laiyang,36.9758,120.7136,62.94,90,0,1.52,CN,2022-09-11 18:01:45,clear sky
65,Shingu,33.7333,135.9833,75.81,88,98,6.24,JP,2022-09-11 18:01:45,overcast clouds
66,Jinchang,38.4953,102.1739,64.78,39,0,6.33,CN,2022-09-11 18:01:46,clear sky
67,Shizunai,42.3339,142.3669,63.05,84,87,8.84,JP,2022-09-11 18:01:46,overcast clouds
68,Upernavik,72.7868,-56.1549,40.59,95,100,14.03,GL,2022-09-11 18:01:47,light rain
69,Meulaboh,4.1363,96.1285,77.54,84,100,4.29,ID,2022-09-11 18:01:47,overcast clouds
70,Qaanaaq,77.484,-69.3632,38.55,92,99,6.33,GL,2022-09-11 18:01:47,overcast clouds
71,College,64.8569,-147.8028,46.9,76,100,4.32,US,2022-09-11 18:01:48,overcast clouds
72,Kaiyuan,23.6977,103.3037,65.12,97,100,1.81,CN,2022-09-11 18:01:48,overcast clouds
73,Mao,39.8885,4.2658,81.16,74,20,6.91,ES,2022-09-11 18:01:49,few clouds
74,Kodiak,57.79,-152.4072,52.12,88,81,10.45,US,2022-09-11 18:01:49,broken clouds
75,Bengkulu,-3.8004,102.2655,75.36,86,88,3.06,ID,2022-09-11 18:01:49,light rain
76,Puerto Ayacucho,5.6639,-67.6236,85.37,71,68,2.33,VE,2022-09-11 18:01:50,broken clouds
77,Kahului,20.8947,-156.47,80.83,81,93,8.99,US,2022-09-11 18:01:50,overcast clouds
78,Isangel,-19.55,169.2667,73.44,88,6,6.85,VU,2022-09-11 18:01:51,clear sky
79,Kaitangata,-46.2817,169.8464,42.82,87,100,3.38,NZ,2022-09-11 18:01:51,overcast clouds
80,Tongren,27.7172,109.1853,69.98,84,23,2.37,CN,2022-09-11 18:01:52,few clouds
81,Veraval,20.9,70.3667,79.68,89,100,11.9,IN,2022-09-11 18:01:52,overcast clouds
82,Vestmannaeyjar,63.4427,-20.2734,58.19,67,0,17.27,IS,2022-09-11 18:01:53,clear sky
83,Komsomolskiy,40.4272,71.7189,68.72,34,80,11.5,UZ,2022-09-11 18:01:53,broken clouds
84,Fortuna,40.5982,-124.1573,63.66,93,0,0.0,US,2022-09-11 18:00:01,clear sky
85,Chuy,-33.6971,-53.4616,56.19,53,2,6.11,UY,2022-09-11 18:01:53,clear sky
86,Westlock,54.1502,-113.8688,69.12,33,0,0.43,CA,2022-09-11 18:01:02,clear sky
87,Ambilobe,-13.2,49.05,72.07,69,86,5.5,MG,2022-09-11 18:01:54,overcast clouds
88,Tasiilaq,65.6145,-37.6368,41.16,74,98,6.64,GL,2022-09-11 18:02:55,overcast clouds
89,Saint-Pierre,-21.3393,55.4781,74.57,73,0,6.91,RE,2022-09-11 18:02:55,clear sky
90,Lakes Entrance,-37.8811,147.981,50.16,87,96,14.52,AU,2022-09-11 18:02:55,overcast clouds
91,Severo-Kurilsk,50.6789,156.125,52.97,92,13,13.33,RU,2022-09-11 18:02:56,few clouds
92,Nikolskoye,59.7035,30.7861,51.69,72,63,4.25,RU,2022-09-11 18:02:56,broken clouds
93,Karatsu,33.4425,129.9697,78.69,61,100,4.47,JP,2022-09-11 18:02:56,overcast clouds
94,Ambon,-3.6954,128.1814,77.23,15,40,6.91,ID,2022-09-11 18:02:57,scattered clouds
95,Mar Del Plata,-38.0023,-57.5575,58.95,72,0,13.0,AR,2022-09-11 18:02:57,clear sky
96,Avera,33.194,-82.5271,83.55,61,87,6.04,US,2022-09-11 18:02:58,overcast clouds
97,Thompson,55.7435,-97.8558,68.38,40,39,10.38,CA,2022-09-11 18:00:37,scattered clouds
98,Kudahuvadhoo,2.6708,72.8944,81.99,78,57,13.2,MV,2022-09-11 18:02:58,broken clouds
99,Tulun,54.5611,100.5792,47.26,90,98,5.21,RU,2022-09-11 18:02:59,overcast clouds
100,Tazmalt,36.3868,4.3989,89.37,24,16,6.89,DZ,2022-09-11 18:02:59,few clouds
101,Svetlyy,54.675,20.1347,55.45,65,92,11.01,RU,2022-09-11 18:02:59,overcast clouds
102,Araguacu,-12.9306,-49.8264,101.91,12,50,5.46,BR,2022-09-11 18:03:00,scattered clouds
103,Minamiashigara,35.3193,139.099,76.46,86,42,6.89,JP,2022-09-11 18:03:00,scattered clouds
104,Hermanus,-34.4187,19.2345,50.81,63,91,11.7,ZA,2022-09-11 18:03:01,overcast clouds
105,Mahebourg,-20.4081,57.7,71.89,73,75,8.05,MU,2022-09-11 18:03:01,broken clouds
106,Richards Bay,-28.783,32.0377,68.99,86,63,11.65,ZA,2022-09-11 18:03:01,broken clouds
107,Astoria,46.1879,-123.8313,67.55,83,75,6.91,US,2022-09-11 18:03:02,haze
108,Longyearbyen,78.2186,15.6401,35.44,87,75,16.11,SJ,2022-09-11 18:03:02,light rain
109,Pevek,69.7008,170.3133,39.67,73,12,6.96,RU,2022-09-11 18:03:03,few clouds
110,Evans,33.5337,-82.1307,85.5,62,20,5.75,US,2022-09-11 18:03:03,few clouds
111,Port Elizabeth,-33.918,25.5701,59.09,81,100,5.99,ZA,2022-09-11 18:03:04,overcast clouds
112,Marzuq,14.4,46.4667,81.59,54,85,6.85,YE,2022-09-11 18:03:04,overcast clouds
113,Bratsk,56.1325,101.6142,43.29,88,94,3.67,RU,2022-09-11 18:03:05,overcast clouds
114,Alofi,-19.0595,-169.9187,76.03,80,93,14.16,NU,2022-09-11 18:03:05,overcast clouds
115,Saskylakh,71.9167,114.0833,33.55,87,99,6.22,RU,2022-09-11 18:03:06,overcast clouds
116,Puerto Ayora,-0.7393,-90.3518,69.55,84,77,5.99,EC,2022-09-11 18:03:07,broken clouds
117,Maldonado,-34.6667,-54.9167,55.22,40,1,5.08,UY,2022-09-11 18:02:18,clear sky
118,Boralday,43.3578,76.8594,55.26,82,100,2.24,KZ,2022-09-11 18:03:07,overcast clouds
119,Mlowo,-9.0,32.9833,66.42,54,80,4.21,TZ,2022-09-11 18:03:08,broken clouds
120,Khatanga,71.9667,102.5,32.45,81,95,6.24,RU,2022-09-11 18:03:08,overcast clouds
121,Hobart,-42.8794,147.3294,41.25,84,40,11.5,AU,2022-09-11 18:00:04,light rain
122,Butaritari,3.0707,172.7902,82.27,66,81,13.13,KI,2022-09-11 18:03:09,broken clouds
123,Cartagena,10.3997,-75.5144,84.22,74,100,9.24,CO,2022-09-11 18:03:09,overcast clouds
124,Peace River,56.2501,-117.286,63.36,30,71,10.18,CA,2022-09-11 18:03:10,broken clouds
125,Takoradi,4.8845,-1.7554,77.68,78,66,11.45,GH,2022-09-11 18:03:10,broken clouds
126,Mahibadhoo,3.7833,72.9667,81.18,81,44,11.36,MV,2022-09-11 18:02:01,scattered clouds
127,Masuguru,-11.3667,38.4167,80.06,43,39,11.25,TZ,2022-09-11 18:03:11,scattered clouds
128,Airai,-8.9266,125.4092,56.71,87,66,2.15,TL,2022-09-11 18:03:11,broken clouds
129,Tiksi,71.6872,128.8694,36.16,96,100,16.91,RU,2022-09-11 18:03:12,light rain
130,Namibe,-15.1961,12.1522,64.69,90,33,10.38,AO,2022-09-11 18:03:12,scattered clouds
131,Labuhan,-6.8844,112.2051,79.09,82,80,5.44,ID,2022-09-11 18:03:12,broken clouds
132,Sao Gabriel Da Cachoeira,-0.1303,-67.0892,91.94,48,24,1.61,BR,2022-09-11 18:03:13,few clouds
133,Hasaki,35.7333,140.8333,73.8,87,79,18.68,JP,2022-09-11 18:03:13,broken clouds
134,Kavieng,-2.5744,150.7967,81.01,65,42,15.82,PG,2022-09-11 18:04:14,scattered clouds
135,Coahuayana,18.7333,-103.6833,89.1,63,100,5.03,MX,2022-09-11 18:04:14,overcast clouds
136,Saldanha,-33.0117,17.9442,55.22,70,48,22.21,ZA,2022-09-11 18:04:15,scattered clouds
137,Pacific Grove,36.6177,-121.9166,83.88,76,20,5.75,US,2022-09-11 18:02:06,few clouds
138,Soe,-9.8607,124.284,62.33,95,40,3.65,ID,2022-09-11 18:04:15,scattered clouds
139,Yar-Sale,66.8333,70.8333,45.43,83,99,15.97,RU,2022-09-11 18:04:16,overcast clouds
140,Bud,39.447,-86.1758,72.86,96,99,5.82,US,2022-09-11 18:04:16,moderate rain
141,Nanortalik,60.1432,-45.2371,44.17,83,32,9.44,GL,2022-09-11 18:03:16,scattered clouds
142,Okhotsk,59.3833,143.3,44.08,55,18,15.97,RU,2022-09-11 18:04:17,few clouds
143,Bijie,27.3125,105.2942,58.42,97,70,1.41,CN,2022-09-11 18:04:18,broken clouds
144,Bandarbeyla,9.4942,50.8122,78.84,78,5,31.14,SO,2022-09-11 18:04:18,clear sky
145,Ucluelet,48.9329,-125.5528,62.91,91,87,1.01,CA,2022-09-11 18:04:19,overcast clouds
146,Katsuura,35.1333,140.3,75.85,86,95,18.77,JP,2022-09-11 18:04:19,overcast clouds
147,Tchibanga,-2.85,11.0333,73.96,76,68,6.85,GA,2022-09-11 18:04:20,broken clouds
148,Mednogorskiy,43.9178,41.1825,57.38,64,60,5.68,RU,2022-09-11 18:04:20,broken clouds
149,Mitsamiouli,-11.3847,43.2844,75.81,72,50,4.0,KM,2022-09-11 18:04:21,scattered clouds
150,Sitka,57.0531,-135.33,55.65,73,79,4.76,US,2022-09-11 18:04:21,broken clouds
151,Coihaique,-45.5752,-72.0662,45.66,88,100,9.08,CL,2022-09-11 18:02:57,overcast clouds
152,Saint-Philippe,-21.3585,55.7679,67.59,81,12,9.69,RE,2022-09-11 18:04:22,light rain
153,Nishihara,26.1842,127.7558,82.06,83,0,11.5,JP,2022-09-11 18:04:22,clear sky
154,Varzea Grande,-15.6467,-56.1325,94.87,29,85,3.44,BR,2022-09-11 18:01:29,overcast clouds
155,Arraial Do Cabo,-22.9661,-42.0278,69.66,68,100,6.91,BR,2022-09-11 18:04:23,overcast clouds
156,Vuktyl,63.8567,57.3094,41.16,95,96,5.14,RU,2022-09-11 18:04:23,overcast clouds
157,Asosa,10.0667,34.5333,60.58,95,86,2.26,ET,2022-09-11 18:04:23,overcast clouds
158,Hithadhoo,-0.6,73.0833,82.04,71,39,13.96,MV,2022-09-11 18:04:24,scattered clouds
159,Yarim,14.298,44.3779,62.08,52,92,4.97,YE,2022-09-11 18:04:24,overcast clouds
160,Viet Tri,21.3019,105.4308,80.55,96,100,3.56,VN,2022-09-11 18:04:25,moderate rain
161,Doha,25.2867,51.5333,93.51,66,32,5.75,QA,2022-09-11 18:04:25,scattered clouds
162,Chota,-6.55,-78.65,67.64,50,66,7.81,PE,2022-09-11 18:04:26,broken clouds
163,Poum,-20.2333,164.0167,75.47,82,8,7.38,NC,2022-09-11 18:04:26,clear sky
164,Lata,40.1629,-8.3327,79.07,62,100,6.67,PT,2022-09-11 18:04:26,overcast clouds
165,Nalut,30.3333,10.85,94.17,17,35,8.3,LY,2022-09-11 18:04:27,scattered clouds
166,Princeton,25.5384,-80.4089,95.02,69,75,10.36,US,2022-09-11 18:04:27,broken clouds
167,Flin Flon,54.7682,-101.865,71.02,28,5,6.46,CA,2022-09-11 18:00:42,clear sky
168,Yellowknife,62.456,-114.3525,43.12,73,100,11.45,CA,2022-09-11 18:01:21,overcast clouds
169,Torbay,47.6666,-52.7314,59.76,97,100,25.99,CA,2022-09-11 18:03:21,light rain
170,Isla Mujeres,21.2311,-86.731,86.16,85,98,9.06,MX,2022-09-11 18:04:28,overcast clouds
171,Kieta,-6.2167,155.6333,76.66,81,13,1.16,PG,2022-09-11 18:04:28,few clouds
172,Huarmey,-10.0681,-78.1522,68.27,67,30,13.04,PE,2022-09-11 18:04:29,scattered clouds
173,Iwakuni,34.15,132.1833,78.28,78,40,5.75,JP,2022-09-11 18:04:29,scattered clouds
174,Chapais,49.7834,-74.8492,74.98,47,35,8.55,CA,2022-09-11 18:02:46,scattered clouds
175,Kabare,-2.4683,28.8242,66.61,80,93,2.06,CD,2022-09-11 18:04:30,overcast clouds
176,Atar,20.5169,-13.0499,104.95,16,39,17.78,MR,2022-09-11 18:04:30,scattered clouds
177,Hofn,64.2539,-15.2082,52.83,76,78,16.28,IS,2022-09-11 18:04:31,broken clouds
178,Dolinsk,47.35,142.8,55.74,66,80,4.65,RU,2022-09-11 18:04:31,broken clouds
179,Victoria,22.2855,114.1577,86.38,78,4,5.99,HK,2022-09-11 18:03:06,clear sky
180,Cabo San Lucas,22.8909,-109.9124,88.9,72,20,9.22,MX,2022-09-11 18:04:02,few clouds
181,Talnakh,69.4865,88.3972,35.31,99,100,9.06,RU,2022-09-11 18:04:32,light snow
182,Riyadh,24.6877,46.7219,95.14,10,20,8.32,SA,2022-09-11 18:03:00,few clouds
183,Rio Gallegos,-51.6226,-69.2181,51.93,41,100,30.53,AR,2022-09-11 18:01:51,overcast clouds
184,Yarada,17.65,83.2667,80.92,83,75,5.75,IN,2022-09-11 18:05:32,thunderstorm
185,Tuktoyaktuk,69.4541,-133.0374,38.68,77,98,3.71,CA,2022-09-11 18:05:33,overcast clouds
186,Pierre,44.3683,-100.351,74.32,40,0,5.01,US,2022-09-11 18:05:33,clear sky
187,Tura,25.5198,90.2201,72.68,94,76,6.44,IN,2022-09-11 18:05:33,light rain
188,Jizan,17.3333,42.6667,91.98,57,73,10.13,SA,2022-09-11 18:05:34,broken clouds
189,Kinsale,51.7075,-8.5306,64.24,100,75,12.66,IE,2022-09-11 18:05:34,broken clouds
190,Acapulco,16.8634,-99.8901,84.02,74,100,10.36,MX,2022-09-11 18:02:31,overcast clouds
191,Algarrobo,10.1869,-74.5753,92.05,53,86,3.91,CO,2022-09-11 18:05:35,overcast clouds
192,Viedma,-40.8135,-62.9967,75.92,12,1,16.6,AR,2022-09-11 18:05:35,clear sky
193,Samarai,-10.6167,150.6667,80.1,82,50,9.33,PG,2022-09-11 18:05:35,scattered clouds
194,Vostok,46.4856,135.8833,53.15,90,67,3.89,RU,2022-09-11 18:05:36,broken clouds
195,Merauke,-8.4667,140.3333,77.0,89,100,9.75,ID,2022-09-11 18:05:36,overcast clouds
196,Caravelas,-17.7125,-39.2481,78.58,54,7,7.83,BR,2022-09-11 18:05:37,clear sky
197,Yanggu,36.1106,115.7753,67.6,71,2,1.32,CN,2022-09-11 18:05:37,clear sky
198,Havelock,34.8791,-76.9013,89.58,81,100,4.0,US,2022-09-11 18:05:37,overcast clouds
199,Ahipara,-35.1667,173.1667,58.53,92,55,14.85,NZ,2022-09-11 18:05:38,broken clouds
200,Nuuk,64.1835,-51.7216,48.81,71,100,40.0,GL,2022-09-11 18:01:28,overcast clouds
201,Jerome,42.7241,-114.5186,80.44,25,0,10.36,US,2022-09-11 18:05:38,clear sky
202,Batticaloa,7.7102,81.6924,80.89,72,17,5.57,LK,2022-09-11 18:05:39,few clouds
203,Tuatapere,-46.1333,167.6833,44.94,85,100,6.2,NZ,2022-09-11 18:05:39,overcast clouds
204,Teya,60.3778,92.6267,44.58,90,84,2.66,RU,2022-09-11 18:05:39,broken clouds
205,Norman Wells,65.282,-126.8329,51.13,72,100,9.93,CA,2022-09-11 18:05:40,light rain
206,Barrow,71.2906,-156.7887,33.82,100,100,14.97,US,2022-09-11 18:05:40,mist
207,Dunedin,-45.8742,170.5036,46.8,88,100,4.45,NZ,2022-09-11 18:03:54,overcast clouds
208,Provideniya,64.3833,-173.3,43.72,81,100,18.37,RU,2022-09-11 18:05:41,light rain
209,Vila Velha,-20.3297,-40.2925,73.35,78,100,16.11,BR,2022-09-11 18:05:41,overcast clouds
210,Taranagar,28.6709,75.0351,91.67,46,32,3.29,IN,2022-09-11 18:05:41,scattered clouds
211,Port Augusta,-32.5,137.7667,48.9,79,8,7.49,AU,2022-09-11 18:05:42,clear sky
212,Flinders,-34.5833,150.8552,54.18,58,0,8.99,AU,2022-09-11 18:05:42,clear sky
213,Ketchikan,55.3422,-131.6461,57.67,67,0,9.22,US,2022-09-11 18:05:42,clear sky
214,Rabo De Peixe,37.8,-25.5833,75.27,75,20,18.41,PT,2022-09-11 18:05:43,few clouds
215,Pisco,-13.7,-76.2167,67.01,72,0,10.36,PE,2022-09-11 18:05:10,clear sky
216,Kalat,29.0225,66.5916,73.06,28,51,4.12,PK,2022-09-11 18:05:43,broken clouds
217,Nome,64.5011,-165.4064,46.47,87,100,19.57,US,2022-09-11 18:03:50,overcast clouds
218,Kloulklubed,7.0419,134.2556,75.7,75,100,12.17,PW,2022-09-11 18:05:44,overcast clouds
219,Camopi,3.1655,-52.3158,93.33,39,53,2.35,GF,2022-09-11 18:05:44,broken clouds
220,Iquitos,-3.7481,-73.2472,84.24,79,75,3.44,PE,2022-09-11 18:05:45,broken clouds
221,Cozumel,20.5083,-86.9458,87.87,81,75,10.0,MX,2022-09-11 18:05:45,thunderstorm
222,Sao Pedro Do Sul,-29.6206,-54.1789,63.75,49,38,10.89,BR,2022-09-11 18:05:45,scattered clouds
223,Dingle,10.9995,122.6711,74.61,91,86,3.38,PH,2022-09-11 18:05:46,overcast clouds
224,Atambua,-9.1061,124.8925,70.92,88,72,3.33,ID,2022-09-11 18:05:46,broken clouds
225,Rocha,-34.4833,-54.3333,59.34,44,0,6.29,UY,2022-09-11 18:05:46,clear sky
226,Marienburg,54.0359,19.0266,56.88,67,100,11.23,PL,2022-09-11 18:05:47,overcast clouds
227,Canete,-37.8,-73.4,56.59,59,15,6.22,CL,2022-09-11 18:05:47,few clouds
228,Kudat,6.8837,116.8477,76.59,87,99,7.36,MY,2022-09-11 18:05:48,overcast clouds
229,Sabang,5.8933,95.3214,81.23,76,97,7.94,ID,2022-09-11 18:05:48,overcast clouds
230,Honiara,-9.4333,159.95,76.24,85,68,6.85,SB,2022-09-11 18:05:48,broken clouds
231,Progreso,21.2833,-89.6667,89.71,57,100,3.8,MX,2022-09-11 18:06:49,overcast clouds
232,Havoysund,70.9963,24.6622,43.03,92,100,7.07,NO,2022-09-11 18:06:49,light rain
233,Pakenham,-38.0667,145.4833,50.23,86,79,1.99,AU,2022-09-11 18:06:50,broken clouds
234,Tutoia,-2.7619,-42.2744,84.07,64,59,12.57,BR,2022-09-11 18:06:50,broken clouds
235,Lasa,46.6166,10.7002,61.36,69,17,4.59,IT,2022-09-11 18:06:50,few clouds
236,Valdemoro,40.1908,-3.6789,94.93,17,0,4.61,ES,2022-09-11 18:06:51,clear sky
237,Gamba,-2.65,10.0,74.86,80,55,7.74,GA,2022-09-11 18:06:51,broken clouds
238,Talas,38.6908,35.5538,68.67,35,0,2.3,TR,2022-09-11 18:06:51,clear sky
239,Pangody,65.85,74.4859,41.25,70,100,13.44,RU,2022-09-11 18:06:52,overcast clouds
240,Te Anau,-45.4167,167.7167,44.08,89,100,2.73,NZ,2022-09-11 18:05:34,light rain
241,Ilulissat,69.2167,-51.1,39.99,94,100,7.02,GL,2022-09-11 18:06:52,light rain
242,Taoudenni,22.6783,-3.9836,108.01,10,42,1.34,ML,2022-09-11 18:06:53,scattered clouds
243,Alenquer,-1.9417,-54.7383,98.1,30,17,5.26,BR,2022-09-11 18:06:53,few clouds
244,Husavik,66.0449,-17.3389,49.57,95,100,6.91,IS,2022-09-11 18:06:53,overcast clouds
245,Levelland,33.5873,-102.378,66.18,58,86,4.36,US,2022-09-11 18:05:45,overcast clouds
246,Mawlaik,23.6333,94.4167,73.06,100,89,0.11,MM,2022-09-11 18:06:54,overcast clouds
247,Cukai,4.25,103.4167,75.79,90,100,3.02,MY,2022-09-11 18:06:55,overcast clouds
248,Sorong,-0.8833,131.25,78.26,84,100,3.6,ID,2022-09-11 18:05:19,overcast clouds
249,Esperance,-33.8667,121.9,58.71,60,57,19.84,AU,2022-09-11 18:06:55,broken clouds
250,Guayaramerin,-10.8368,-65.3614,90.37,45,79,3.06,BO,2022-09-11 18:06:55,broken clouds
251,Narsaq,60.9167,-46.05,46.62,68,54,6.8,GL,2022-09-11 18:06:56,broken clouds
252,Watsa,3.0372,29.5355,66.31,97,79,0.94,CD,2022-09-11 18:06:56,moderate rain
253,Matara,5.9485,80.5353,77.25,90,68,9.51,LK,2022-09-11 18:06:57,broken clouds
254,Whitehorse,60.7161,-135.0538,47.1,56,9,0.96,CA,2022-09-11 18:06:57,clear sky
255,Touros,-5.1989,-35.4608,81.3,64,73,16.75,BR,2022-09-11 18:06:57,broken clouds
256,Cabra,37.4725,-4.4421,90.28,24,70,10.58,ES,2022-09-11 18:06:58,broken clouds
257,Kruisfontein,-34.0033,24.7314,56.88,80,100,16.8,ZA,2022-09-11 18:06:58,overcast clouds
258,Montevideo,-34.8335,-56.1674,62.62,45,0,10.36,UY,2022-09-11 18:06:59,clear sky
259,Coffs Harbour,-30.3,153.1333,58.96,77,100,6.91,AU,2022-09-11 18:06:25,overcast clouds
260,Opuwo,-18.0607,13.84,75.42,24,37,5.84,NA,2022-09-11 18:06:59,scattered clouds
261,Douglas,41.3,-96.167,75.38,39,0,6.91,US,2022-09-11 18:06:59,clear sky
262,Deer Lake,49.1667,-57.4316,64.53,65,57,14.09,CA,2022-09-11 18:07:00,broken clouds
263,Alihe,50.5667,123.7167,50.07,94,100,5.21,CN,2022-09-11 18:06:59,overcast clouds
264,Letlhakane,-21.4167,25.5833,72.9,13,0,2.57,BW,2022-09-11 18:07:00,clear sky
265,Byron Bay,-28.65,153.6167,57.94,75,100,4.03,AU,2022-09-11 18:07:01,overcast clouds
266,Carauari,-4.8828,-66.8958,90.25,50,30,1.03,BR,2022-09-11 18:07:01,scattered clouds
267,Faanui,-16.4833,-151.75,79.09,69,3,16.75,PF,2022-09-11 18:07:01,clear sky
268,Carnarvon,-24.8667,113.6333,66.76,72,62,8.1,AU,2022-09-11 18:07:02,broken clouds
269,Nantucket,41.2835,-70.0995,84.31,45,0,10.36,US,2022-09-11 18:05:19,clear sky
270,Aripuana,-9.1667,-60.6333,99.91,24,36,2.51,BR,2022-09-11 18:07:03,scattered clouds
271,Broome,42.2506,-75.833,69.44,89,100,9.22,US,2022-09-11 18:07:03,overcast clouds
272,Wanning,18.8003,110.3967,77.18,86,7,3.06,CN,2022-09-11 18:07:04,clear sky
273,Erdenet,49.0333,104.0833,49.03,83,57,2.95,MN,2022-09-11 18:07:04,broken clouds
274,Tangkak,2.2673,102.5453,73.2,96,100,3.09,MY,2022-09-11 18:07:05,overcast clouds
275,Portland,45.5234,-122.6762,78.46,52,75,3.44,US,2022-09-11 18:03:24,haze
276,Beringovskiy,63.05,179.3167,45.61,85,100,17.92,RU,2022-09-11 18:07:05,overcast clouds
277,Darhan,49.4867,105.9228,53.58,68,72,2.19,MN,2022-09-11 18:07:06,broken clouds
278,Linshui,36.4247,114.2047,69.98,56,0,4.03,CN,2022-09-11 18:08:06,clear sky
279,Klaksvik,62.2266,-6.589,52.72,98,100,20.11,FO,2022-09-11 18:08:07,light rain
280,Ninghai,29.2892,121.4247,72.25,94,100,4.72,CN,2022-09-11 18:08:07,overcast clouds
281,Challans,46.8436,-1.8749,80.8,52,0,4.59,FR,2022-09-11 18:08:07,clear sky
282,Aasiaat,68.7098,-52.8699,39.18,94,100,10.07,GL,2022-09-11 18:08:08,overcast clouds
283,Daru,-9.0763,143.2092,77.72,88,92,12.57,PG,2022-09-11 18:08:08,overcast clouds
284,Lagoa,39.05,-27.9833,71.82,82,100,28.43,PT,2022-09-11 18:08:08,overcast clouds
285,Nam Som,17.7704,102.1895,73.94,94,95,1.48,TH,2022-09-11 18:08:09,overcast clouds
286,Anadyr,64.75,177.4833,39.49,80,100,9.89,RU,2022-09-11 18:08:09,overcast clouds
287,Tamandare,-8.7597,-35.1047,78.48,64,100,8.66,BR,2022-09-11 18:08:10,overcast clouds
288,Uthal,25.8072,66.6219,85.87,65,79,7.74,PK,2022-09-11 18:08:10,broken clouds
289,Shrewsbury,52.7101,-2.7521,68.04,77,100,6.91,GB,2022-09-11 18:08:11,light rain
290,Fort Nelson,58.8053,-122.7002,60.64,33,80,3.15,CA,2022-09-11 18:08:11,broken clouds
291,Saint-Augustin,51.226,-58.6502,66.09,49,0,10.54,CA,2022-09-11 18:08:11,clear sky
292,Neiafu,-18.65,-173.9833,75.88,88,75,4.61,TO,2022-09-11 18:08:12,broken clouds
293,Zhigansk,66.7697,123.3711,33.84,82,99,4.36,RU,2022-09-11 18:08:12,overcast clouds
294,Kajaani,64.2273,27.7285,48.25,87,0,3.44,FI,2022-09-11 18:08:13,clear sky
295,Ola,59.5833,151.2833,46.71,74,35,6.08,RU,2022-09-11 18:08:13,scattered clouds
296,Bambous Virieux,-20.3428,57.7575,71.85,73,75,8.05,MU,2022-09-11 18:08:14,broken clouds
297,Gomez Palacio,25.5667,-103.5,82.27,42,75,8.05,MX,2022-09-11 18:06:15,broken clouds
298,Kerrville,30.0474,-99.1403,86.54,56,40,6.91,US,2022-09-11 18:04:19,scattered clouds
299,Rawson,-43.3002,-65.1023,64.53,33,9,13.85,AR,2022-09-11 18:07:13,clear sky
300,Dwarka,22.2394,68.9678,78.91,85,100,14.03,IN,2022-09-11 18:07:56,heavy intensity rain
301,Ciudad Bolivar,8.1222,-63.5497,94.01,42,49,6.26,VE,2022-09-11 18:08:15,scattered clouds
302,Praia Da Vitoria,38.7333,-27.0667,71.76,87,90,27.22,PT,2022-09-11 18:08:15,light rain
303,Santiago,-33.4569,-70.6483,56.86,68,100,4.61,CL,2022-09-11 18:05:55,overcast clouds
304,Gat,31.61,34.7642,79.81,100,0,5.93,IL,2022-09-11 18:05:43,clear sky
305,Bubaque,11.2833,-15.8333,80.85,77,76,5.61,GW,2022-09-11 18:08:16,broken clouds
306,Mayumba,-3.432,10.6554,73.92,86,84,7.96,GA,2022-09-11 18:08:16,broken clouds
307,Shimoda,34.6667,138.95,73.11,86,22,16.4,JP,2022-09-11 18:08:16,few clouds
308,Mayang Imphal,24.6167,93.8833,66.96,98,74,0.98,IN,2022-09-11 18:08:17,light rain
309,Brae,60.3964,-1.353,55.76,90,95,15.14,GB,2022-09-11 18:08:17,overcast clouds
310,Port-Gentil,-0.7193,8.7815,76.96,83,40,11.5,GA,2022-09-11 18:08:18,scattered clouds
311,Codrington,-38.2667,141.9667,47.01,81,100,9.04,AU,2022-09-11 18:08:18,overcast clouds
312,Khromtau,50.2503,58.4347,48.87,51,46,8.12,KZ,2022-09-11 18:08:19,scattered clouds
313,Gillette,44.2911,-105.5022,69.82,34,0,5.99,US,2022-09-11 18:08:19,clear sky
314,Bonthe,7.5264,-12.505,75.79,90,100,11.27,SL,2022-09-11 18:08:20,light rain
315,Tupik,54.4253,119.9327,37.0,87,100,1.52,RU,2022-09-11 18:08:20,overcast clouds
316,Sherlovaya Gora,50.5667,116.25,39.33,92,10,6.8,RU,2022-09-11 18:08:21,clear sky
317,Kenai,60.5544,-151.2583,50.09,98,100,5.75,US,2022-09-11 18:08:21,light rain
318,Verkhnetulomskiy,68.6073,31.7962,48.33,98,100,0.87,RU,2022-09-11 18:08:21,overcast clouds
319,Eisenberg,50.9667,11.9,61.2,88,86,3.04,DE,2022-09-11 18:04:19,overcast clouds
320,Atikokan,48.7555,-91.6216,66.49,34,0,4.47,CA,2022-09-11 18:08:22,clear sky
321,Qasigiannguit,68.8193,-51.1922,40.05,98,100,3.2,GL,2022-09-11 18:08:23,light rain
322,Bukama,-9.2,25.85,82.9,35,1,1.83,CD,2022-09-11 18:08:23,clear sky
323,Gimli,50.6336,-96.9907,71.31,28,2,15.08,CA,2022-09-11 18:09:23,clear sky
324,Huilong,31.8111,121.655,76.93,90,83,6.15,CN,2022-09-11 18:09:24,broken clouds
325,Marshall,34.3834,-86.3333,80.35,69,75,8.05,US,2022-09-11 18:06:22,broken clouds
326,San Pedro,14.35,121.0167,81.36,88,40,4.61,PH,2022-09-11 18:07:35,light rain
327,Kendari,-3.945,122.4989,73.58,93,34,2.28,ID,2022-09-11 18:09:24,scattered clouds
328,Cockburn Town,21.4612,-71.1419,84.02,74,32,12.24,TC,2022-09-11 18:09:25,scattered clouds
329,Tara,56.8944,74.371,38.26,87,18,7.05,RU,2022-09-11 18:09:25,few clouds
330,Bilibino,68.0546,166.4372,41.95,81,96,4.65,RU,2022-09-11 18:09:26,overcast clouds
331,Faya,18.3851,42.4509,70.32,33,80,9.33,SA,2022-09-11 18:09:26,broken clouds
332,Harper,4.375,-7.7169,76.14,80,80,8.72,LR,2022-09-11 18:09:26,broken clouds
333,Pithoragarh,29.5833,80.2167,61.68,92,27,2.62,IN,2022-09-11 18:09:27,scattered clouds
334,San Cristobal,7.7669,-72.225,84.38,40,20,8.28,VE,2022-09-11 18:09:27,few clouds
335,Saint George,37.1041,-113.5841,85.62,43,0,1.99,US,2022-09-11 18:05:35,clear sky
336,Bull Savanna,17.8868,-77.5902,85.48,67,30,11.21,JM,2022-09-11 18:09:28,scattered clouds
337,Bilma,18.6853,12.9164,97.11,13,42,2.42,NE,2022-09-11 18:09:28,scattered clouds
338,Khonsa,27.0167,95.5667,66.09,97,5,4.88,IN,2022-09-11 18:09:28,heavy intensity rain
339,Dalbandin,28.8947,64.4101,87.91,16,0,7.05,PK,2022-09-11 18:09:29,clear sky
340,Pryazha,61.6926,33.6216,40.24,77,14,2.71,RU,2022-09-11 18:09:29,few clouds
341,Yatou,37.15,122.3833,64.72,86,14,3.51,CN,2022-09-11 18:09:30,few clouds
342,Vila Franca Do Campo,37.7167,-25.4333,76.19,82,90,21.72,PT,2022-09-11 18:09:30,light rain
343,Geraldton,-28.7667,114.6,54.01,94,0,10.36,AU,2022-09-11 18:06:39,clear sky
344,Omsukchan,62.5333,155.8,40.12,87,99,3.13,RU,2022-09-11 18:09:31,overcast clouds
345,Nikolayevskaya,47.6139,41.5023,64.24,28,100,16.4,RU,2022-09-11 18:09:31,overcast clouds
346,Vizinga,61.0749,50.1031,42.04,87,54,1.99,RU,2022-09-11 18:09:32,broken clouds
347,Nemuro,43.3236,145.575,62.37,86,63,4.59,JP,2022-09-11 18:09:32,broken clouds
348,Pagudpud,18.5616,120.7868,78.82,85,92,11.1,PH,2022-09-11 18:09:32,overcast clouds
349,Noumea,-22.2763,166.4572,75.99,99,12,5.66,NC,2022-09-11 18:09:33,few clouds
350,Marsa Matruh,31.3525,27.2453,79.25,79,0,13.65,EG,2022-09-11 18:07:02,clear sky
351,Yeppoon,-23.1333,150.7333,55.18,80,1,3.44,AU,2022-09-11 18:09:33,clear sky
352,Pomuch,20.1333,-90.1833,87.8,63,100,7.47,MX,2022-09-11 18:09:34,overcast clouds
353,Grindavik,63.8424,-22.4338,50.47,76,0,21.85,IS,2022-09-11 18:09:34,clear sky
354,Ekibastuz,51.6667,75.3667,51.66,77,88,19.51,KZ,2022-09-11 18:09:34,light rain
355,Yarmouth,41.7057,-70.2286,84.31,54,0,9.22,US,2022-09-11 18:09:35,clear sky
356,Hambantota,6.1241,81.1185,78.51,82,50,16.73,LK,2022-09-11 18:09:35,scattered clouds
357,Houma,29.5958,-90.7195,91.0,63,0,4.61,US,2022-09-11 18:09:35,clear sky
358,Ulvik,60.5672,6.9187,56.8,73,69,4.41,NO,2022-09-11 18:09:36,broken clouds
359,Aqtobe,50.2797,57.2072,48.29,61,0,8.95,KZ,2022-09-11 18:09:36,clear sky
360,Paita,-5.0892,-81.1144,69.98,70,34,17.11,PE,2022-09-11 18:09:37,scattered clouds
361,Gao,16.6362,1.637,97.54,23,83,5.41,ML,2022-09-11 18:09:37,broken clouds
362,Henties Bay,-22.116,14.2845,55.94,91,5,8.68,NA,2022-09-11 18:09:37,clear sky
363,Asau,46.4333,26.4,60.28,73,99,5.19,RO,2022-09-11 18:09:38,overcast clouds
364,Linxia,35.6003,103.2064,57.13,62,22,4.18,CN,2022-09-11 18:09:38,few clouds
365,Pangnirtung,66.1451,-65.7125,42.53,99,100,8.86,CA,2022-09-11 18:09:38,moderate rain
366,Kuruman,-27.4524,23.4325,70.61,21,5,18.81,ZA,2022-09-11 18:09:39,clear sky
367,Latnaya,51.6586,38.9011,53.49,41,100,6.51,RU,2022-09-11 18:09:39,light rain
368,Korla,41.7597,86.1469,82.58,15,84,8.57,CN,2022-09-11 18:09:40,broken clouds
369,Weihe,32.9952,105.3247,61.39,98,96,0.27,CN,2022-09-11 18:09:40,overcast clouds
370,Bafra,41.5678,35.9069,72.82,56,1,4.14,TR,2022-09-11 18:10:40,clear sky
371,San Jacinto,33.7839,-116.9586,88.97,64,1,5.01,US,2022-09-11 18:10:41,clear sky
372,Stornoway,58.2093,-6.3865,57.92,94,75,17.27,GB,2022-09-11 18:10:41,light rain
373,Ndele,8.4109,20.6473,72.28,95,62,2.8,CF,2022-09-11 18:06:16,moderate rain
374,Presidencia Roque Saenz Pena,-26.7852,-60.4388,77.61,15,0,5.01,AR,2022-09-11 18:10:42,clear sky
375,Zhenlai,45.8495,123.2973,62.92,68,40,9.73,CN,2022-09-11 18:10:42,scattered clouds
376,Port Keats,-14.25,129.55,75.6,91,0,6.89,AU,2022-09-11 18:08:11,clear sky
377,Barghat,22.0333,79.7167,72.39,93,100,2.89,IN,2022-09-11 18:10:43,overcast clouds
378,La Palma,33.8464,-118.0467,89.04,66,75,4.61,US,2022-09-11 18:05:56,broken clouds
379,Palora,-1.7,-77.9333,86.41,39,47,6.26,EC,2022-09-11 18:10:43,scattered clouds
380,Paka,4.6374,103.4368,75.78,90,100,4.12,MY,2022-09-11 18:10:44,overcast clouds
381,Pussi,59.36,27.0497,51.84,65,32,6.38,EE,2022-09-11 18:10:44,scattered clouds
382,Aklavik,68.2191,-135.0107,40.15,91,100,3.58,CA,2022-09-11 18:10:44,light rain
383,Bodden Town,19.2833,-81.25,91.4,58,20,11.5,KY,2022-09-11 18:10:45,few clouds
384,Pacifica,37.6138,-122.4869,79.72,83,100,17.27,US,2022-09-11 18:10:45,overcast clouds
385,Bugene,-1.5911,31.1403,65.97,67,71,1.36,TZ,2022-09-11 18:10:46,broken clouds
386,Karlskoga,59.3267,14.5239,57.38,79,32,2.77,SE,2022-09-11 18:10:46,scattered clouds
387,Santa Fe,-31.6333,-60.7,69.03,28,58,5.99,AR,2022-09-11 18:05:54,broken clouds
388,Broken Hill,-31.95,141.4333,49.87,55,3,6.85,AU,2022-09-11 18:10:46,clear sky
389,Bayangol,50.6977,103.4656,44.87,94,93,0.6,RU,2022-09-11 18:10:47,overcast clouds
390,Srandakan,-7.9386,110.2506,74.8,93,33,1.88,ID,2022-09-11 18:10:47,scattered clouds
391,Cayenne,4.9333,-52.3333,86.04,66,30,12.66,GF,2022-09-11 18:10:48,scattered clouds
392,Kawalu,-7.3817,108.2082,71.35,98,94,2.1,ID,2022-09-11 18:10:48,overcast clouds
393,Ilhabela,-23.7781,-45.3581,66.51,73,94,3.56,BR,2022-09-11 18:09:12,overcast clouds
394,Mount Isa,-20.7333,139.5,62.37,67,40,5.75,AU,2022-09-11 18:10:48,scattered clouds
395,Esil,51.9556,66.4042,45.95,75,74,8.23,KZ,2022-09-11 18:10:49,broken clouds
396,Chato,-2.6378,31.7669,72.36,69,41,5.91,TZ,2022-09-11 18:10:49,scattered clouds
397,Aden,12.7794,45.0367,89.96,57,96,7.38,YE,2022-09-11 18:10:50,overcast clouds
398,Muros,42.7762,-9.0603,76.68,78,100,6.44,ES,2022-09-11 18:10:50,overcast clouds
399,Belfast,54.5833,-5.9333,62.42,94,100,10.36,GB,2022-09-11 18:10:33,overcast clouds
400,Felanitx,39.4696,3.1483,84.45,68,93,7.43,ES,2022-09-11 18:10:51,overcast clouds
401,Basco,20.4487,121.9702,82.45,79,100,16.49,PH,2022-09-11 18:10:51,overcast clouds
402,Sehithwa,-20.4667,22.7167,76.44,11,0,7.47,BW,2022-09-11 18:10:52,clear sky
403,Olga,43.7444,135.2892,56.34,83,100,2.37,RU,2022-09-11 18:10:52,overcast clouds
404,Nizhniy Tsasuchey,50.5167,115.1333,43.21,81,6,5.08,RU,2022-09-11 18:10:52,clear sky
405,Killam,52.7834,-111.8518,76.95,31,0,6.91,CA,2022-09-11 18:10:53,clear sky
406,Kungurtug,50.5994,97.5228,47.64,61,53,1.95,RU,2022-09-11 18:10:53,broken clouds
407,Yabelo,4.8833,38.0833,67.86,51,100,9.86,ET,2022-09-11 18:10:54,overcast clouds
408,Chase,50.8165,-119.6857,65.28,31,69,2.8,CA,2022-09-11 18:10:54,broken clouds
409,Callaway,30.153,-85.5699,77.92,87,100,4.0,US,2022-09-11 18:10:31,light rain
410,Mbandaka,0.0487,18.2603,70.68,95,100,2.37,CD,2022-09-11 18:10:54,overcast clouds
411,Port Blair,11.6667,92.75,81.37,79,83,12.48,IN,2022-09-11 18:10:55,broken clouds
412,Adrar,20.5022,-10.0711,100.92,19,26,16.8,MR,2022-09-11 18:10:55,scattered clouds
413,Mazatlan,23.2167,-106.4167,89.56,73,20,3.0,MX,2022-09-11 18:07:27,few clouds
414,Oksfjord,70.2396,22.3479,46.99,93,100,9.57,NO,2022-09-11 18:10:56,light rain
415,Tonj,7.2737,28.6822,73.33,91,32,3.11,SS,2022-09-11 18:10:56,scattered clouds
416,Banda Aceh,5.5577,95.3222,78.66,80,87,4.18,ID,2022-09-11 18:11:56,overcast clouds
417,Ankara,39.9199,32.8543,80.2,33,0,4.16,TR,2022-09-11 18:11:57,clear sky
418,Porosozero,62.7191,32.727,49.1,64,94,3.44,RU,2022-09-11 18:11:57,overcast clouds
419,Evensk,61.95,159.2333,43.7,75,93,4.29,RU,2022-09-11 18:11:58,overcast clouds
420,Westport,41.1415,-73.3579,77.04,77,100,6.91,US,2022-09-11 18:11:58,moderate rain
421,Kiama,-34.6833,150.8667,54.37,60,0,5.99,AU,2022-09-11 18:11:58,clear sky
422,Coquimbo,-29.9533,-71.3436,60.53,63,40,12.66,CL,2022-09-11 18:11:59,scattered clouds
423,Horta,38.5333,-28.6333,73.04,73,75,21.85,PT,2022-09-11 18:11:59,broken clouds
424,Terre-De-Bas,15.8501,-61.6442,87.31,70,51,13.11,GP,2022-09-11 18:12:00,broken clouds
425,Sao Joao Da Barra,-21.6403,-41.0511,73.49,68,95,17.94,BR,2022-09-11 18:10:59,overcast clouds
426,Tommot,58.9564,126.2925,35.53,94,14,1.77,RU,2022-09-11 18:12:00,few clouds
427,Hato Mayor,18.7629,-69.256,85.23,70,72,7.4,DO,2022-09-11 18:12:01,broken clouds
428,Kumbo,6.2,10.6667,59.86,96,88,1.95,CM,2022-09-11 18:12:01,moderate rain
429,Carutapera,-1.195,-46.02,85.51,65,53,11.52,BR,2022-09-11 18:12:02,broken clouds
430,Moree,-29.4667,149.85,50.23,68,100,6.98,AU,2022-09-11 18:12:02,overcast clouds
431,Snasa,64.2457,12.3778,51.21,77,77,0.85,NO,2022-09-11 18:12:02,broken clouds
432,Akyab,20.15,92.9,76.75,93,100,8.39,MM,2022-09-11 18:12:03,overcast clouds
433,Corinto,37.9407,22.9573,84.88,61,0,6.38,GR,2022-09-11 18:12:03,clear sky
434,Lakatoro,-16.0999,167.4164,77.02,76,14,9.35,VU,2022-09-11 18:12:03,few clouds
435,Rio Grande,-32.035,-52.0986,59.95,64,0,7.23,BR,2022-09-11 18:10:52,clear sky
436,Charlottesville,38.0293,-78.4767,78.13,91,100,3.44,US,2022-09-11 18:11:40,overcast clouds
437,San Ramon,37.7799,-121.978,82.42,56,0,6.91,US,2022-09-11 18:11:47,clear sky
438,Dera Bugti,29.0307,69.151,91.47,47,0,2.08,PK,2022-09-11 18:12:04,clear sky
439,Northampton,40.8754,-75.2499,67.91,92,100,4.23,US,2022-09-11 18:12:05,light rain
440,Amapa,1.0,-52.0,94.93,34,74,2.84,BR,2022-09-11 18:12:05,broken clouds
441,Tarakan,3.3,117.6333,78.3,89,20,4.61,ID,2022-09-11 18:12:05,few clouds
442,Ternate,0.8,127.4,79.7,77,93,2.24,ID,2022-09-11 18:12:06,overcast clouds
443,Mianyang,31.4593,104.7542,71.73,78,98,3.27,CN,2022-09-11 18:12:06,overcast clouds
444,Bosaso,11.2842,49.1816,91.85,48,53,5.82,SO,2022-09-11 18:12:06,broken clouds
445,Marsabit,2.3284,37.9899,73.47,42,67,19.42,KE,2022-09-11 18:12:07,broken clouds
446,Hobyo,5.3505,48.5268,76.8,86,40,25.61,SO,2022-09-11 18:12:07,scattered clouds
447,Sorland,67.667,12.6934,51.66,82,100,16.11,NO,2022-09-11 18:12:08,light rain
448,Hearst,49.6835,-83.6665,67.71,52,97,2.01,CA,2022-09-11 18:09:02,overcast clouds
449,Brewster,41.3973,-73.6171,73.98,81,100,3.44,US,2022-09-11 18:12:08,light rain
450,Lorengau,-2.0226,147.2712,79.56,79,97,6.85,PG,2022-09-11 18:10:32,overcast clouds
451,Arlit,18.7369,7.3853,100.33,9,72,1.97,NE,2022-09-11 18:12:09,broken clouds
452,Uttarkashi,30.7333,78.45,70.92,92,58,1.83,IN,2022-09-11 18:12:09,broken clouds
453,Lewistown,40.5992,-77.5714,70.07,97,100,3.44,US,2022-09-11 18:12:09,light intensity drizzle
454,Lerwick,60.1545,-1.1494,57.2,92,99,17.36,GB,2022-09-11 18:12:10,overcast clouds
455,Palauig,15.435,119.9045,79.05,83,65,1.45,PH,2022-09-11 18:12:10,broken clouds
456,Laguna,38.421,-121.4238,90.32,41,0,5.75,US,2022-09-11 18:10:24,clear sky
457,Jalu,29.0331,21.5482,90.16,24,0,7.92,LY,2022-09-11 18:12:11,clear sky
458,Lavrentiya,65.5833,-171.0,42.55,84,100,16.75,RU,2022-09-11 18:12:11,overcast clouds
459,Mudon,16.2578,97.7164,75.7,89,100,1.61,MM,2022-09-11 18:12:11,light rain
460,Itamarandiba,-17.8572,-42.8589,88.11,20,11,9.26,BR,2022-09-11 18:12:12,few clouds
461,Nago,26.5881,127.9761,82.83,88,100,12.41,JP,2022-09-11 18:12:12,overcast clouds
462,Igatpuri,19.7,73.55,71.94,99,100,2.75,IN,2022-09-11 18:12:13,moderate rain
463,Toora-Khem,52.4675,96.11,49.32,60,92,3.44,RU,2022-09-11 18:13:13,overcast clouds
464,Mahuva,21.0914,71.7622,78.3,87,100,5.23,IN,2022-09-11 18:13:13,light rain
465,Deputatskiy,69.3,139.9,30.69,90,89,4.79,RU,2022-09-11 18:13:14,overcast clouds
466,Emborion,40.4833,21.55,73.76,59,55,3.71,GR,2022-09-11 18:13:14,broken clouds
467,Stokmarknes,68.5646,14.9108,51.76,87,75,10.36,NO,2022-09-11 18:13:15,light rain
468,Korsakov,46.6328,142.7813,57.63,78,89,2.39,RU,2022-09-11 18:13:15,overcast clouds
469,Acacias,3.987,-73.758,84.49,58,16,6.04,CO,2022-09-11 18:13:16,few clouds
470,Morelia,19.7008,-101.1844,70.74,57,18,3.09,MX,2022-09-11 18:10:26,few clouds
471,Ati,13.2154,18.3353,91.02,43,2,5.23,TD,2022-09-11 18:13:16,clear sky
472,Beloha,-25.1667,45.05,68.86,70,0,4.56,MG,2022-09-11 18:13:16,clear sky
473,Batagay,67.6333,134.6333,36.86,86,100,5.59,RU,2022-09-11 18:13:17,overcast clouds
474,Koungou,-12.7336,45.2042,74.91,83,0,2.3,YT,2022-09-11 18:13:17,clear sky
475,Ixtapa,20.7,-105.2,88.23,74,100,3.44,MX,2022-09-11 18:13:18,overcast clouds
476,Gulbene,57.1777,26.7529,46.22,97,100,7.34,LV,2022-09-11 18:13:18,light rain
477,Gorom-Gorom,14.4439,-0.2361,93.74,38,61,2.01,BF,2022-09-11 18:13:18,broken clouds
478,Sisimiut,66.9395,-53.6735,46.74,80,68,21.27,GL,2022-09-11 18:13:19,broken clouds
479,La Peca,-5.6111,-78.435,84.15,48,66,3.85,PE,2022-09-11 18:13:19,light rain
480,Qaqortoq,60.7167,-46.0333,46.09,78,71,5.99,GL,2022-09-11 18:13:20,broken clouds
481,Leningradskiy,69.3833,178.4167,35.31,89,51,7.16,RU,2022-09-11 18:13:20,broken clouds
482,Yumen,40.2833,97.2,66.11,17,0,9.37,CN,2022-09-11 18:13:20,clear sky
483,Petauke,-14.2426,31.3253,75.79,24,0,5.86,ZM,2022-09-11 18:13:21,clear sky
484,Kibala,9.1104,18.3463,74.35,93,83,2.28,TD,2022-09-11 18:13:21,moderate rain
485,Beyneu,45.3167,55.2,61.38,28,0,5.17,KZ,2022-09-11 18:13:22,clear sky
486,Kupang,-10.1667,123.5833,74.98,88,74,8.01,ID,2022-09-11 18:13:22,broken clouds
487,San Juan Bautista,-14.0108,-75.7358,83.03,23,2,5.41,PE,2022-09-11 18:13:22,clear sky
488,Alpena,45.0617,-83.4327,70.12,78,100,3.44,US,2022-09-11 18:13:23,overcast clouds
489,Anage,-14.6122,-41.1356,94.41,14,29,11.79,BR,2022-09-11 18:13:23,scattered clouds
490,Bani,18.2833,-70.3333,90.84,59,31,13.87,DO,2022-09-11 18:13:23,scattered clouds
491,Batouri,4.4333,14.3667,70.18,93,88,1.5,CM,2022-09-11 18:13:24,overcast clouds
492,Salalah,17.0151,54.0924,80.69,94,75,4.61,OM,2022-09-11 18:13:24,broken clouds
493,Limoges,45.75,1.3333,75.76,35,0,4.61,FR,2022-09-11 18:11:58,clear sky
494,Salinas,36.6777,-121.6555,85.75,58,20,5.75,US,2022-09-11 18:13:04,few clouds
495,Sokoto,13.0609,5.239,82.11,63,77,3.36,NG,2022-09-11 18:13:25,broken clouds
496,Pafos,34.7667,32.4167,80.38,74,0,4.61,CY,2022-09-11 18:13:25,clear sky
497,Ginda,30.6945,78.4932,64.45,91,63,2.04,IN,2022-09-11 18:13:26,broken clouds
498,Victoria Point,-27.5833,153.3,62.91,79,100,1.99,AU,2022-09-11 18:13:26,overcast clouds
499,Quatre Cocos,-20.2078,57.7625,71.71,75,32,14.61,MU,2022-09-11 18:13:27,scattered clouds
500,Kangaatsiaq,68.3065,-53.4641,43.21,87,100,29.53,GL,2022-09-11 18:13:27,overcast clouds
501,Campobasso,41.6333,14.5833,72.81,78,34,3.85,IT,2022-09-11 18:12:54,scattered clouds
502,Palmer,42.1584,-72.3287,73.51,76,100,6.91,US,2022-09-11 18:13:27,light rain
503,Kindu,-2.95,25.95,74.64,81,73,2.19,CD,2022-09-11 18:13:28,light rain
504,Nerchinskiy Zavod,51.3088,119.61,41.92,95,47,5.91,RU,2022-09-11 18:12:14,scattered clouds
505,Hami,42.8,93.45,81.82,17,0,7.67,CN,2022-09-11 18:13:28,clear sky
506,Igrim,63.1906,64.4162,42.89,72,95,5.12,RU,2022-09-11 18:13:29,overcast clouds
507,Christchurch,-43.5333,172.6333,49.91,94,100,8.05,NZ,2022-09-11 18:12:23,fog
508,Puerto Escondido,15.85,-97.0667,81.43,57,75,11.5,MX,2022-09-11 18:14:29,broken clouds
509,Salinopolis,-0.6136,-47.3561,84.27,69,52,12.1,BR,2022-09-11 18:14:30,broken clouds
510,Fairview,40.8126,-73.999,75.27,81,100,4.61,US,2022-09-11 18:14:30,light rain
511,Road Town,18.4167,-64.6167,86.04,79,40,6.91,VG,2022-09-11 18:14:30,scattered clouds
512,Bairnsdale,-37.8333,147.6167,49.05,82,98,7.65,AU,2022-09-11 18:14:31,overcast clouds
513,Tezu,27.9167,96.1667,72.39,93,0,4.52,IN,2022-09-11 18:14:31,clear sky
514,Pavlodar,52.3,76.95,51.6,71,75,22.37,KZ,2022-09-11 18:14:31,light intensity shower rain
515,Toamasina,-18.1667,49.3833,68.0,94,75,1.14,MG,2022-09-11 18:14:32,broken clouds
516,Asbury Park,40.2204,-74.0121,76.08,70,100,2.59,US,2022-09-11 18:14:32,overcast clouds
517,Guastalla,44.9132,10.6609,75.99,61,0,5.26,IT,2022-09-11 18:14:33,clear sky
518,Neepawa,50.2289,-99.4664,73.8,23,0,12.93,CA,2022-09-11 18:14:33,clear sky
519,Umm Lajj,25.0213,37.2685,87.17,67,5,5.55,SA,2022-09-11 18:14:33,clear sky
520,Erzin,36.9559,36.2,75.45,73,0,2.21,TR,2022-09-11 18:14:34,clear sky
521,Kavaratti,10.5669,72.642,80.33,84,100,17.98,IN,2022-09-11 18:12:40,overcast clouds
522,Nueva Loja,0.0847,-76.8828,89.62,51,0,4.61,EC,2022-09-11 18:14:34,clear sky
523,Cody,44.5263,-109.0565,75.65,38,0,4.61,US,2022-09-11 18:14:35,clear sky
524,Kaya,13.0917,-1.0844,84.11,63,34,6.33,BF,2022-09-11 18:14:35,scattered clouds
525,Kem,64.9555,34.5793,51.42,63,100,6.96,RU,2022-09-11 18:14:35,overcast clouds
526,Shihezi,44.3,86.0333,74.62,38,78,10.45,CN,2022-09-11 18:14:36,broken clouds
527,Manta,-0.95,-80.7333,80.38,69,40,11.5,EC,2022-09-11 18:13:23,scattered clouds
528,Syamzha,60.0158,41.0614,50.36,56,100,2.91,RU,2022-09-11 18:14:36,overcast clouds
529,Ridgecrest,35.6225,-117.6709,88.02,44,21,3.0,US,2022-09-11 18:14:37,few clouds
530,Carambei,-24.9178,-50.0972,58.57,89,99,6.8,BR,2022-09-11 18:14:37,overcast clouds
531,Kashi,39.4547,75.9797,76.21,27,80,8.95,CN,2022-09-11 18:14:37,broken clouds
532,The Valley,18.217,-63.0578,87.66,70,20,12.66,AI,2022-09-11 18:14:38,few clouds
533,Jardim,-21.4803,-56.1381,94.66,24,22,6.15,BR,2022-09-11 18:14:38,few clouds
534,North Bend,43.4065,-124.2243,67.15,91,100,0.0,US,2022-09-11 18:14:39,overcast clouds
535,Ereymentau,51.6199,73.1033,46.6,90,100,15.37,KZ,2022-09-11 18:14:39,overcast clouds
536,Pontianak,-0.0333,109.3333,78.78,94,75,2.3,ID,2022-09-11 18:14:39,light rain
537,Berdigestyakh,62.0989,126.6992,36.48,99,96,0.56,RU,2022-09-11 18:14:40,light rain
538,Palmas,-10.2128,-48.3603,98.47,19,40,6.91,BR,2022-09-11 18:14:40,scattered clouds
539,Luau,-10.7073,22.2247,77.83,37,17,5.53,AO,2022-09-11 18:14:41,few clouds
540,Hamilton,39.1834,-84.5333,78.44,85,100,10.36,US,2022-09-11 18:14:32,overcast clouds
541,Ambanja,-13.6833,48.45,73.4,80,80,0.67,MG,2022-09-11 18:14:41,light rain
542,Guasdualito,7.2424,-70.7324,91.4,58,95,2.3,VE,2022-09-11 18:14:42,overcast clouds
543,Saint-Joseph,-21.3667,55.6167,73.47,79,24,8.61,RE,2022-09-11 18:14:42,light rain
544,Krutinka,56.0055,71.5113,46.02,71,37,12.1,RU,2022-09-11 18:14:42,scattered clouds
545,Sept-Iles,50.2001,-66.3821,62.06,87,75,6.91,CA,2022-09-11 18:13:12,broken clouds
546,Herat,34.5,62.0,65.57,26,0,13.56,AF,2022-09-11 18:14:43,clear sky
547,Makakilo City,21.3469,-158.0858,80.62,71,0,3.44,US,2022-09-11 18:10:48,clear sky
548,Wembley,-31.9333,115.8,56.79,82,0,6.91,AU,2022-09-11 18:14:44,clear sky
549,Matay,28.419,30.7792,88.02,20,0,7.4,EG,2022-09-11 18:14:44,clear sky
550,Tsiroanomandidy,-18.7667,46.0333,70.97,33,2,7.61,MG,2022-09-11 18:14:45,clear sky
551,Taltal,-25.4,-70.4833,59.65,66,3,7.99,CL,2022-09-11 18:14:45,clear sky
552,Sumbawanga,-7.9667,31.6167,65.71,55,84,1.7,TZ,2022-09-11 18:15:45,broken clouds
553,Puerto Carreno,6.189,-67.4859,86.16,67,61,1.9,CO,2022-09-11 18:15:46,broken clouds
554,Itoman,26.1247,127.6694,82.78,83,100,11.5,JP,2022-09-11 18:15:46,overcast clouds
555,Luanda,-8.8368,13.2343,70.99,87,10,10.31,AO,2022-09-11 18:12:36,clear sky
556,Gornyy,55.1153,83.9059,49.32,77,100,14.63,RU,2022-09-11 18:15:47,light rain
557,Harbour Breton,47.4833,-55.7983,61.86,81,98,30.44,CA,2022-09-11 18:15:47,overcast clouds
558,Preobrazheniye,42.9019,133.9064,60.67,80,100,3.58,RU,2022-09-11 18:15:47,overcast clouds
559,Amahai,-3.3333,128.9167,75.97,90,98,2.48,ID,2022-09-11 18:15:48,overcast clouds
560,Suntar,62.1444,117.6319,37.58,95,80,5.12,RU,2022-09-11 18:15:48,broken clouds
561,Baruun-Urt,46.6806,113.2792,50.94,76,11,11.45,MN,2022-09-11 18:15:49,few clouds
562,Guerrero Negro,27.9769,-114.0611,79.81,70,9,7.36,MX,2022-09-11 18:15:49,clear sky
563,Yaan,7.3833,8.5667,72.37,95,88,5.44,NG,2022-09-11 18:15:49,light rain
564,Mutata,7.2441,-76.4356,85.59,75,89,3.29,CO,2022-09-11 18:15:50,light rain
565,Silver City,32.7701,-108.2803,78.76,52,0,16.11,US,2022-09-11 18:15:50,clear sky
566,Rajapur,25.3833,81.15,81.5,78,38,9.78,IN,2022-09-11 18:15:51,scattered clouds
567,Dayong,25.0209,118.2898,74.12,80,3,3.29,CN,2022-09-11 18:15:51,clear sky
568,Wladyslawowo,54.7909,18.4009,54.95,62,75,17.69,PL,2022-09-11 18:15:51,broken clouds
569,Semey,50.4111,80.2275,57.52,34,38,9.15,KZ,2022-09-11 18:15:52,scattered clouds
570,Puksoozero,62.5903,40.6066,46.98,87,84,4.23,RU,2022-09-11 18:15:52,broken clouds
571,Vila,42.0304,-8.1588,68.7,64,100,5.79,PT,2022-09-11 18:15:53,overcast clouds
572,Taft,31.7471,54.2088,80.55,21,20,9.22,IR,2022-09-11 18:15:53,few clouds
573,Havre-Saint-Pierre,50.2334,-63.5986,66.56,72,0,6.91,CA,2022-09-11 18:15:53,clear sky
574,Aykhal,66.0,111.5,32.32,98,100,8.66,RU,2022-09-11 18:15:54,snow
575,Jadu,31.953,12.0261,84.07,32,19,7.45,LY,2022-09-11 18:15:54,few clouds
576,Deltona,28.9005,-81.2637,95.13,58,0,8.05,US,2022-09-11 18:10:56,clear sky
577,Mutare,-18.9707,32.6709,65.84,32,0,4.59,ZW,2022-09-11 18:15:55,clear sky
578,Anchorage,61.2181,-149.9003,53.94,85,100,11.5,US,2022-09-11 18:12:21,light rain
579,Zavodoukovsk,56.5042,66.5515,41.11,87,57,4.32,RU,2022-09-11 18:15:55,broken clouds
580,Sanmenxia,34.7747,111.1814,67.89,65,0,4.29,CN,2022-09-11 18:15:56,clear sky
581,Ulladulla,-35.35,150.4667,49.08,64,2,8.75,AU,2022-09-11 18:15:56,clear sky
582,Roma,43.2128,-75.4557,73.81,71,40,1.01,US,2022-09-11 18:11:11,light rain
583,Port Arthur,38.8,121.2667,64.62,79,25,3.67,CN,2022-09-11 18:15:56,scattered clouds
584,Pindiga,9.9833,10.9333,74.12,84,55,5.7,NG,2022-09-11 18:15:57,broken clouds
585,Srostki,52.4189,85.7022,57.06,90,100,12.12,RU,2022-09-11 18:15:57,light rain
586,Kanlagay,5.8757,121.2915,80.22,79,100,4.27,PH,2022-09-11 18:15:58,overcast clouds
587,Shenjiamen,29.9576,122.298,76.64,84,100,5.91,CN,2022-09-11 18:15:58,overcast clouds
588,Pakxan,18.3778,103.6601,73.58,96,71,3.09,LA,2022-09-11 18:15:58,broken clouds
589,Uttaradit,17.6667,100.5,70.63,99,100,1.74,TH,2022-09-11 18:15:59,overcast clouds
590,Yonago,35.4333,133.3333,73.33,100,75,5.75,JP,2022-09-11 18:15:59,broken clouds
591,Gouyave,12.1646,-61.7296,86.77,70,20,21.85,GD,2022-09-11 18:15:59,few clouds
592,Maceio,-9.6658,-35.7353,80.04,65,75,12.66,BR,2022-09-11 18:16:00,broken clouds
593,Orissaare,58.5592,23.0826,54.01,64,3,7.76,EE,2022-09-11 18:16:00,clear sky
594,Dryden,49.7833,-92.7503,62.89,51,0,10.36,CA,2022-09-11 18:11:40,clear sky
595,Port Hedland,-20.3167,118.5667,64.45,100,0,6.91,AU,2022-09-11 18:15:21,clear sky
596,Kaniama,-7.5667,24.1833,75.25,63,90,4.07,CD,2022-09-11 18:16:01,overcast clouds
597,Aldan,58.6031,125.3894,35.04,88,14,3.0,RU,2022-09-11 18:16:01,few clouds
598,Khandyga,62.6667,135.6,32.2,95,51,3.83,RU,2022-09-11 18:12:15,broken clouds
599,Mayor Pablo Lagerenza,-19.9309,-60.7718,95.9,21,6,7.14,PY,2022-09-11 18:16:02,clear sky
600,Alakurtti,66.9672,30.3491,49.69,76,97,6.89,RU,2022-09-11 18:17:03,overcast clouds
601,Roald,62.5833,6.1333,59.16,82,75,2.3,NO,2022-09-11 18:17:03,broken clouds
602,Kita,13.0349,-9.4895,78.69,86,96,0.92,ML,2022-09-11 18:17:03,overcast clouds
603,Caluquembe,-13.7833,14.6833,70.0,36,78,8.3,AO,2022-09-11 18:17:04,broken clouds
604,Manali,13.1667,80.2667,86.09,70,100,10.67,IN,2022-09-11 18:17:04,overcast clouds
605,Ukiah,39.1502,-123.2078,82.44,53,20,0.0,US,2022-09-11 18:16:09,few clouds
606,Fare,-16.7,-151.0167,79.2,70,4,18.81,PF,2022-09-11 18:17:05,clear sky
607,Gornopravdinsk,60.05,69.9,36.9,94,36,4.34,RU,2022-09-11 18:17:05,scattered clouds
608,Santa Maria,-29.6842,-53.8069,63.73,47,21,10.42,BR,2022-09-11 18:14:59,few clouds
609,Xining,36.6167,101.7667,51.58,71,25,2.82,CN,2022-09-11 18:17:06,scattered clouds
610,Mackay,-21.15,149.2,61.68,89,1,7.4,AU,2022-09-11 18:17:06,clear sky
611,Benghazi,32.1167,20.0667,81.77,66,0,7.07,LY,2022-09-11 18:17:07,clear sky
612,Rajpura,30.4831,76.595,81.0,63,21,6.4,IN,2022-09-11 18:17:07,few clouds
613,Sobolevo,54.4299,31.8996,44.8,96,100,13.56,RU,2022-09-11 18:17:08,light rain
614,Rosario,-32.9468,-60.6393,69.94,25,0,10.36,AR,2022-09-11 18:17:08,clear sky
615,Ballymena,54.8636,-6.2763,62.04,98,100,6.31,GB,2022-09-11 18:17:09,moderate rain
616,Porto Santo,33.072,-16.3415,77.38,73,40,8.05,PT,2022-09-11 18:17:09,scattered clouds
617,Pyinmana,19.7333,96.2167,73.51,87,100,1.88,MM,2022-09-11 18:17:10,overcast clouds
618,Sassandra,4.95,-6.0833,74.91,84,46,7.81,CI,2022-09-11 18:17:10,scattered clouds
619,Dukat,62.55,155.55,37.94,90,98,3.78,RU,2022-09-11 18:17:11,overcast clouds
620,Mehamn,71.0357,27.8492,42.75,93,75,2.3,NO,2022-09-11 18:17:11,light rain
621,San Rafael,-34.6177,-68.3301,71.11,12,3,8.81,AR,2022-09-11 18:17:11,clear sky
622,Sonoita,31.85,-112.8333,86.88,50,0,2.84,MX,2022-09-11 18:17:12,clear sky
623,Hovd,48.0056,91.6419,62.06,33,43,4.65,MN,2022-09-11 18:17:12,scattered clouds
624,Socorro,31.6546,-106.3033,83.5,45,40,16.11,US,2022-09-11 18:17:13,scattered clouds
625,Xucheng,20.35,110.1288,79.07,78,33,5.19,CN,2022-09-11 18:17:13,scattered clouds
626,Lashio,22.9333,97.75,67.41,100,99,0.34,MM,2022-09-11 18:17:14,overcast clouds
627,Honningsvag,70.9821,25.9704,42.55,87,100,6.91,NO,2022-09-11 18:17:14,light rain
628,Severomuysk,56.1481,113.4267,32.77,79,36,3.06,RU,2022-09-11 18:17:15,scattered clouds
629,Kamenka,51.3223,42.7678,54.18,43,100,8.19,RU,2022-09-11 18:17:15,overcast clouds
630,Talara,-4.5772,-81.2719,74.16,64,11,17.27,PE,2022-09-11 18:17:15,few clouds
631,Olafsvik,64.8945,-23.7142,49.89,60,21,5.68,IS,2022-09-11 18:17:16,few clouds
632,Orahovac,42.3994,20.6547,60.66,91,51,6.29,XK,2022-09-11 18:17:16,broken clouds
633,San-Pedro,4.7485,-6.6363,75.43,83,35,8.12,CI,2022-09-11 18:17:17,scattered clouds
634,Turkistan,43.0,68.0,57.4,44,0,8.68,KZ,2022-09-11 18:17:17,clear sky
635,Grand Gaube,-20.0064,57.6608,72.0,68,6,3.0,MU,2022-09-11 18:17:18,clear sky
636,Teahupoo,-17.8333,-149.2667,73.36,70,30,18.68,PF,2022-09-11 18:17:18,scattered clouds
637,Barcelona,41.3888,2.159,84.15,82,20,6.91,ES,2022-09-11 18:15:21,few clouds
638,Bajitpur,24.2167,90.95,76.89,89,95,9.6,BD,2022-09-11 18:17:19,overcast clouds
639,Svetlogorsk,52.6333,29.7333,51.26,97,100,12.53,BY,2022-09-11 18:17:19,overcast clouds
640,Khandbari,27.3747,87.2039,70.41,89,57,1.5,NP,2022-09-11 18:17:20,moderate rain
641,Wagga Wagga,-35.1167,147.3667,43.84,71,99,4.23,AU,2022-09-11 18:17:20,overcast clouds
642,Nabire,-3.3667,135.4833,73.54,90,93,3.98,ID,2022-09-11 18:17:21,overcast clouds
643,Arona,28.0996,-16.681,76.91,81,20,11.5,ES,2022-09-11 18:17:21,few clouds
644,Nelson Bay,-32.7167,152.15,53.01,86,15,7.0,AU,2022-09-11 18:17:21,few clouds
645,Bellevue,47.6104,-122.2007,78.44,58,0,9.22,US,2022-09-11 18:14:49,smoke
646,Ocampo,21.65,-101.5,68.36,48,6,13.04,MX,2022-09-11 18:18:22,clear sky
647,Vardo,70.3705,31.1107,44.58,93,75,2.3,NO,2022-09-11 18:18:23,light rain
648,Karoi,-16.8099,29.6925,68.99,33,0,5.5,ZW,2022-09-11 18:18:23,clear sky
649,Aksum,14.1245,38.7244,62.13,76,89,4.99,ET,2022-09-11 18:18:23,light rain
650,Tigzirt,36.8886,4.1198,82.65,57,45,11.3,DZ,2022-09-11 18:18:24,scattered clouds
651,Bom Jesus,-9.0744,-44.3586,104.38,12,13,2.95,BR,2022-09-11 18:18:24,few clouds
652,Along,28.1667,94.7667,71.96,94,1,1.86,IN,2022-09-11 18:18:24,clear sky
653,Duldurga,50.6761,113.5931,45.01,80,22,2.21,RU,2022-09-11 18:18:25,few clouds
654,Santa Cruz Cabralia,-16.2781,-39.0247,77.23,65,20,11.5,BR,2022-09-11 18:18:25,few clouds
655,Kununurra,-15.7667,128.7333,75.18,69,40,1.14,AU,2022-09-11 18:18:26,scattered clouds
656,Xiongzhou,25.1167,114.3,74.79,57,76,1.3,CN,2022-09-11 18:18:26,broken clouds
657,Kauhajoki,62.4333,22.1833,51.78,91,49,2.93,FI,2022-09-11 18:18:26,scattered clouds
658,Luancheng,37.8792,114.6517,68.16,70,2,2.98,CN,2022-09-11 18:18:27,clear sky
659,Mapiri,-15.25,-68.1667,86.29,42,81,3.53,BO,2022-09-11 18:18:27,broken clouds
660,Barra Da Estiva,-13.6261,-41.3269,83.39,21,11,10.0,BR,2022-09-11 18:18:28,few clouds
661,Vicksburg,32.3526,-90.8779,84.43,77,40,8.05,US,2022-09-11 18:14:37,scattered clouds
662,Arman,59.7,150.1667,45.28,64,24,5.39,RU,2022-09-11 18:18:28,few clouds
663,Magnolia,33.2671,-93.2393,83.89,66,56,6.71,US,2022-09-11 18:18:29,broken clouds
664,Muyezerskiy,63.9333,31.65,46.99,70,100,4.47,RU,2022-09-11 18:18:29,overcast clouds
665,Seymchan,62.8833,152.4333,40.71,86,41,3.56,RU,2022-09-11 18:18:29,scattered clouds
666,Liepaja,56.5419,21.0367,49.98,76,0,2.3,LV,2022-09-11 18:18:30,clear sky
667,Ponta Delgada,37.7333,-25.6667,76.5,73,20,18.41,PT,2022-09-11 18:18:30,few clouds
668,Valparaiso,-33.0393,-71.6273,62.24,79,75,8.05,CL,2022-09-11 18:16:09,broken clouds
669,Ndende,-2.4008,11.3581,79.75,63,93,7.16,GA,2022-09-11 18:18:31,overcast clouds
670,Vikersund,59.9659,9.995,59.47,86,40,3.49,NO,2022-09-11 18:18:31,scattered clouds
671,Iberia,29.9502,-91.7507,87.87,61,40,8.05,US,2022-09-11 18:18:31,scattered clouds
672,Ust-Omchug,61.15,149.6333,33.89,59,1,4.07,RU,2022-09-11 18:18:32,clear sky
673,Alyangula,-13.8483,136.4192,76.05,88,3,4.47,AU,2022-09-11 18:18:32,clear sky
674,Buala,-8.145,159.5921,78.37,82,74,7.23,SB,2022-09-11 18:18:33,light rain
675,Armizonskoye,55.9461,67.6736,41.07,85,64,6.98,RU,2022-09-11 18:18:33,broken clouds
676,Muroto,33.2833,134.15,79.99,78,95,13.29,JP,2022-09-11 18:18:33,overcast clouds
677,Mount Gambier,-37.8333,140.7667,44.73,89,100,5.08,AU,2022-09-11 18:18:34,overcast clouds
678,Maungatapere,-35.75,174.2,52.79,97,93,4.65,NZ,2022-09-11 18:18:34,overcast clouds
679,Narathiwat,6.3333,101.75,72.84,84,98,3.11,TH,2022-09-11 18:16:35,overcast clouds
680,Racoasa,46.0,26.8833,63.34,57,80,8.03,RO,2022-09-11 18:18:35,broken clouds
681,Naze,28.3667,129.4833,81.52,83,98,12.03,JP,2022-09-11 18:14:48,overcast clouds
682,Ingham,42.6,-84.3833,75.06,90,100,8.05,US,2022-09-11 18:18:35,overcast clouds
683,Ossora,59.2353,163.0719,49.68,82,100,5.32,RU,2022-09-11 18:18:36,overcast clouds
684,Ulaangom,49.9811,92.0667,58.05,42,74,5.68,MN,2022-09-11 18:15:00,broken clouds
685,Moron,-34.6534,-58.6198,65.97,35,63,5.53,AR,2022-09-11 18:18:36,broken clouds
686,Rosetta,31.4044,30.4164,79.57,75,0,11.16,EG,2022-09-11 18:18:36,clear sky
687,Corrales,35.2378,-106.6067,78.4,47,0,5.99,US,2022-09-11 18:15:02,clear sky
688,Bata,1.8639,9.7658,75.99,88,68,9.1,GQ,2022-09-11 18:18:37,broken clouds
689,Iskateley,67.6803,53.1512,40.62,92,90,8.5,RU,2022-09-11 18:18:37,overcast clouds
690,Finschhafen,-6.6024,147.8681,78.71,78,94,7.38,PG,2022-09-11 18:18:38,overcast clouds
691,Tamala,52.541,43.2515,50.22,54,96,6.89,RU,2022-09-11 18:18:38,overcast clouds
692,Alice Springs,-23.7,133.8833,57.22,26,75,8.05,AU,2022-09-11 18:18:38,broken clouds
693,Upington,-28.4478,21.2561,73.78,21,0,11.5,ZA,2022-09-11 18:18:39,clear sky
694,Berzasca,44.6476,21.9526,64.96,88,83,4.88,RO,2022-09-11 18:19:39,broken clouds
